{
  "train_loss": [
    0.7847856283187866,
    0.5489453077316284,
    0.23010654747486115,
    0.12548431754112244,
    0.04970897361636162,
    -0.009983489289879799,
    -0.030187834054231644,
    -0.060178738087415695,
    -0.07596186548471451,
    -0.08048050105571747
  ],
  "train_acc": [
    0.44,
    0.7,
    0.92,
    0.92,
    0.96,
    0.96,
    0.96,
    0.96,
    0.96,
    0.96
  ],
  "val_loss": [
    0.26860561966896057,
    0.14067909121513367,
    0.04802281782031059,
    -0.018548252061009407,
    -0.0678236111998558,
    -0.10650062561035156,
    -0.13727115094661713,
    -0.1504717618227005,
    -0.16265226900577545,
    -0.1739637702703476
  ],
  "val_acc": [
    0.88,
    0.92,
    0.92,
    0.92,
    0.92,
    0.92,
    0.92,
    0.92,
    0.92,
    0.92
  ],
  "val_f1": [
    0.0,
    0.0,
    0.0,
    0.0,
    0.0,
    0.0,
    0.0,
    0.0,
    0.0,
    0.0
  ],
  "learning_rates": [
    0.0001,
    0.0001,
    0.0001,
    0.0001,
    0.0001,
    0.0001,
    5e-05,
    5e-05,
    5e-05,
    5e-05
  ]
}