{
  "validation": {
    "auroc": 0.5489130434782609,
    "optimal_thresholds": {
      "best_f1": {
        "threshold": 0.6000000000000002,
        "accuracy": 0.94,
        "precision": 0.6666666666666666,
        "recall": 0.5,
        "f1": 0.5714285714285714
      },
      "best_accuracy": {
        "threshold": 0.6000000000000002,
        "accuracy": 0.94,
        "precision": 0.6666666666666666,
        "recall": 0.5,
        "f1": 0.5714285714285714
      },
      "best_precision": {
        "threshold": 0.7000000000000002,
        "accuracy": 0.94,
        "precision": 1.0,
        "recall": 0.25,
        "f1": 0.4
      },
      "best_recall": {
        "threshold": 0.1,
        "accuracy": 0.12,
        "precision": 0.08333333333333333,
        "recall": 1.0,
        "f1": 0.15384615384615385
      },
      "best_balanced": {
        "threshold": 0.6000000000000002,
        "accuracy": 0.94,
        "precision": 0.6666666666666666,
        "recall": 0.5,
        "f1": 0.5714285714285714
      },
      "default_0.5": {
        "threshold": 0.5,
        "accuracy": 0.92,
        "precision": 0.5,
        "recall": 0.5,
        "f1": 0.5
      }
    }
  },
  "test": {
    "auroc": 0.652482269503546,
    "results_by_threshold": {
      "best_f1": {
        "threshold": 0.6000000000000002,
        "accuracy": 0.94,
        "precision": 0.0,
        "recall": 0.0,
        "f1": 0.0
      },
      "best_accuracy": {
        "threshold": 0.6000000000000002,
        "accuracy": 0.94,
        "precision": 0.0,
        "recall": 0.0,
        "f1": 0.0
      },
      "best_precision": {
        "threshold": 0.7000000000000002,
        "accuracy": 0.94,
        "precision": 0.0,
        "recall": 0.0,
        "f1": 0.0
      },
      "best_recall": {
        "threshold": 0.1,
        "accuracy": 0.08,
        "precision": 0.061224489795918366,
        "recall": 1.0,
        "f1": 0.11538461538461539
      },
      "best_balanced": {
        "threshold": 0.6000000000000002,
        "accuracy": 0.94,
        "precision": 0.0,
        "recall": 0.0,
        "f1": 0.0
      },
      "default_0.5": {
        "threshold": 0.5,
        "accuracy": 0.96,
        "precision": 1.0,
        "recall": 0.3333333333333333,
        "f1": 0.5
      }
    }
  }
}