{
  "train_loss": [
    1.2708392143249512,
    1.0254155397415161,
    0.8398739695549011,
    1.0012933015823364,
    1.0416821241378784,
    0.8986533880233765,
    1.193713665008545,
    0.9979409575462341,
    0.8347728848457336,
    0.7460293769836426,
    0.7436373233795166,
    0.7661994099617004,
    0.6089910268783569,
    0.6299601793289185
  ],
  "train_acc": [
    0.72,
    0.8,
    0.82,
    0.7,
    0.86,
    0.96,
    0.94,
    0.86,
    0.96,
    0.88,
    0.92,
    0.94,
    0.9,
    0.94
  ],
  "val_loss": [
    2.438838243484497,
    2.4379501342773438,
    2.4664385318756104,
    2.4981272220611572,
    2.5085535049438477,
    2.491851568222046,
    2.4467597007751465,
    2.409766912460327,
    2.3768253326416016,
    2.3706793785095215,
    2.3674416542053223,
    2.3724851608276367,
    2.3818421363830566,
    2.389430046081543
  ],
  "val_acc": [
    0.82,
    0.84,
    0.86,
    0.92,
    0.92,
    0.92,
    0.88,
    0.86,
    0.84,
    0.82,
    0.82,
    0.82,
    0.84,
    0.84
  ],
  "val_precision": [
    0.2222222222222222,
    0.25,
    0.2857142857142857,
    0.5,
    0.5,
    0.5,
    0.3333333333333333,
    0.2857142857142857,
    0.25,
    0.2222222222222222,
    0.2222222222222222,
    0.2222222222222222,
    0.25,
    0.25
  ],
  "val_recall": [
    0.5,
    0.5,
    0.5,
    0.5,
    0.5,
    0.5,
    0.5,
    0.5,
    0.5,
    0.5,
    0.5,
    0.5,
    0.5,
    0.5
  ],
  "val_f1": [
    0.30769230769230765,
    0.3333333333333333,
    0.36363636363636365,
    0.5,
    0.5,
    0.5,
    0.4,
    0.36363636363636365,
    0.3333333333333333,
    0.30769230769230765,
    0.30769230769230765,
    0.30769230769230765,
    0.3333333333333333,
    0.3333333333333333
  ],
  "learning_rates": [
    0.0001,
    0.0001,
    0.0001,
    0.0001,
    0.0001,
    0.0001,
    0.0001,
    0.0001,
    0.0001,
    5e-05,
    5e-05,
    5e-05,
    5e-05,
    5e-05
  ]
}