{
  "numerical_0": {
    "mean_": [
      2048.0
    ],
    "scale_": [
      1.0
    ]
  },
  "numerical_1": {
    "mean_": [
      1085.44
    ],
    "scale_": [
      919.5497193735639
    ]
  },
  "numerical_2": {
    "mean_": [
      64172.0
    ],
    "scale_": [
      1.0
    ]
  },
  "numerical_3": {
    "mean_": [
      95746.0
    ],
    "scale_": [
      1.0
    ]
  },
  "numerical_4": {
    "mean_": [
      0.7978557626379106
    ],
    "scale_": [
      1.0
    ]
  },
  "numerical_5": {
    "mean_": [
      0.23737999597402595
    ],
    "scale_": [
      0.1029016532811796
    ]
  },
  "numerical_6": {
    "mean_": [
      1435.2233766233767
    ],
    "scale_": [
      1065.6087703287662
    ]
  },
  "numerical_7": {
    "mean_": [
      203.86933333333334
    ],
    "scale_": [
      27.60539064909042
    ]
  },
  "numerical_9": {
    "mean_": [
      7.5
    ],
    "scale_": [
      4.031128874149275
    ]
  },
  "numerical_10": {
    "mean_": [
      26.59200551343901
    ],
    "scale_": [
      16.28837444783756
    ]
  },
  "numerical_11": {
    "mean_": [
      446.4521847898599
    ],
    "scale_": [
      259.57763700959975
    ]
  },
  "numerical_12": {
    "mean_": [
      0.4807845303867403
    ],
    "scale_": [
      0.9817044804819116
    ]
  },
  "numerical_13": {
    "mean_": [
      25.0
    ],
    "scale_": [
      14.142135623730951
    ]
  }
}