{
  "train_loss": [
    1.383262038230896,
    1.3497107028961182,
    1.1684455871582031,
    1.169476866722107,
    1.1296554803848267,
    1.0313379764556885,
    1.0033589601516724,
    0.9605525732040405,
    0.9344908595085144,
    0.824767529964447,
    0.721841037273407,
    0.7344666719436646,
    0.7567955851554871,
    0.6845122575759888,
    0.6549091935157776,
    0.6795157194137573,
    0.5826255679130554,
    0.6098427772521973,
    0.5871226191520691,
    0.5383688807487488,
    0.5599446892738342,
    0.5176304578781128,
    0.4752774238586426,
    0.5441721081733704,
    0.4969630241394043,
    0.49372977018356323,
    0.47741299867630005,
    0.396624892950058,
    0.42500337958335876,
    0.4396205246448517,
    0.4464206397533417,
    0.4370882213115692,
    0.3952304422855377,
    0.3927328586578369,
    0.38869407773017883
  ],
  "train_acc": [
    0.72,
    0.5911111111111111,
    0.5433333333333333,
    0.5888888888888889,
    0.6522222222222223,
    0.73,
    0.7733333333333333,
    0.8166666666666667,
    0.8455555555555555,
    0.8377777777777777,
    0.8566666666666667,
    0.8711111111111111,
    0.8666666666666667,
    0.8822222222222222,
    0.8911111111111111,
    0.8855555555555555,
    0.8911111111111111,
    0.9033333333333333,
    0.9077777777777778,
    0.9155555555555556,
    0.9244444444444444,
    0.9288888888888889,
    0.9355555555555556,
    0.9144444444444444,
    0.94,
    0.9244444444444444,
    0.9211111111111111,
    0.9311111111111111,
    0.9255555555555556,
    0.9355555555555556,
    0.9344444444444444,
    0.9266666666666666,
    0.9344444444444444,
    0.9322222222222222,
    0.9577777777777777
  ],
  "val_loss": [
    1.3216127157211304,
    1.1794791221618652,
    1.0968222618103027,
    1.030069351196289,
    0.9709928631782532,
    0.921395480632782,
    0.8700417280197144,
    0.8196344375610352,
    0.7744026780128479,
    0.737205982208252,
    0.7040629982948303,
    0.6734327077865601,
    0.6453136205673218,
    0.6304653882980347,
    0.6162858009338379,
    0.6023985743522644,
    0.5898106694221497,
    0.5785935521125793,
    0.5685559511184692,
    0.5594133734703064,
    0.5509412884712219,
    0.5431014895439148,
    0.5364057421684265,
    0.5293099880218506,
    0.5212013721466064,
    0.5138110518455505,
    0.5073160529136658,
    0.503582775592804,
    0.5027897357940674,
    0.5034860968589783,
    0.5039852857589722,
    0.5042444467544556,
    0.5050198435783386,
    0.5067257285118103,
    0.5064613223075867
  ],
  "val_acc": [
    0.9266666666666666,
    0.86,
    0.8466666666666667,
    0.8633333333333333,
    0.9,
    0.92,
    0.9233333333333333,
    0.91,
    0.8966666666666666,
    0.8933333333333333,
    0.8933333333333333,
    0.9,
    0.9,
    0.9133333333333333,
    0.9166666666666666,
    0.9266666666666666,
    0.9366666666666666,
    0.9466666666666667,
    0.96,
    0.96,
    0.9633333333333334,
    0.9633333333333334,
    0.9633333333333334,
    0.9633333333333334,
    0.9666666666666667,
    0.9666666666666667,
    0.9666666666666667,
    0.9666666666666667,
    0.9666666666666667,
    0.9666666666666667,
    0.9666666666666667,
    0.9666666666666667,
    0.9666666666666667,
    0.9666666666666667,
    0.9666666666666667
  ],
  "val_precision": [
    0.0,
    0.05555555555555555,
    0.07142857142857142,
    0.10256410256410256,
    0.16666666666666666,
    0.23076923076923078,
    0.24,
    0.20689655172413793,
    0.18181818181818182,
    0.17647058823529413,
    0.17647058823529413,
    0.20588235294117646,
    0.20588235294117646,
    0.23333333333333334,
    0.2413793103448276,
    0.2692307692307692,
    0.30434782608695654,
    0.35,
    0.4375,
    0.4375,
    0.4666666666666667,
    0.4666666666666667,
    0.4666666666666667,
    0.4666666666666667,
    0.5,
    0.5,
    0.5,
    0.5,
    0.5,
    0.5,
    0.5,
    0.5,
    0.5,
    0.5,
    0.5
  ],
  "val_recall": [
    0.0,
    0.2,
    0.3,
    0.4,
    0.5,
    0.6,
    0.6,
    0.6,
    0.6,
    0.6,
    0.6,
    0.7,
    0.7,
    0.7,
    0.7,
    0.7,
    0.7,
    0.7,
    0.7,
    0.7,
    0.7,
    0.7,
    0.7,
    0.7,
    0.7,
    0.7,
    0.7,
    0.7,
    0.7,
    0.7,
    0.7,
    0.7,
    0.7,
    0.7,
    0.7
  ],
  "val_f1": [
    0.0,
    0.08695652173913045,
    0.11538461538461536,
    0.163265306122449,
    0.25,
    0.33333333333333337,
    0.34285714285714286,
    0.3076923076923077,
    0.27906976744186046,
    0.2727272727272727,
    0.2727272727272727,
    0.3181818181818182,
    0.3181818181818182,
    0.35,
    0.358974358974359,
    0.3888888888888889,
    0.42424242424242425,
    0.4666666666666667,
    0.5384615384615384,
    0.5384615384615384,
    0.56,
    0.56,
    0.56,
    0.56,
    0.5833333333333334,
    0.5833333333333334,
    0.5833333333333334,
    0.5833333333333334,
    0.5833333333333334,
    0.5833333333333334,
    0.5833333333333334,
    0.5833333333333334,
    0.5833333333333334,
    0.5833333333333334,
    0.5833333333333334
  ],
  "learning_rates": [
    0.0001,
    0.0001,
    0.0001,
    0.0001,
    0.0001,
    0.0001,
    0.0001,
    0.0001,
    0.0001,
    0.0001,
    0.0001,
    0.0001,
    5e-05,
    5e-05,
    5e-05,
    5e-05,
    5e-05,
    5e-05,
    5e-05,
    5e-05,
    5e-05,
    5e-05,
    5e-05,
    5e-05,
    5e-05,
    5e-05,
    5e-05,
    5e-05,
    5e-05,
    5e-05,
    2.5e-05,
    2.5e-05,
    2.5e-05,
    2.5e-05,
    2.5e-05
  ]
}