{
  "timestamp": "2025-11-29T11:43:21.330692",
  "total_events": 300,
  "true_anomalies": 16,
  "predicted_anomalies": 18,
  "confusion_matrix": {
    "tp": 13,
    "fp": 5,
    "tn": 279,
    "fn": 3
  },
  "metrics": {
    "accuracy": 97.33333333333334,
    "precision": 72.22222222222221,
    "recall": 81.25,
    "f1_score": 76.4705882352941
  }
}