{
  "numerical_0": {
    "mean_": [
      2048.0
    ],
    "scale_": [
      1.0
    ]
  },
  "numerical_1": {
    "mean_": [
      1331.2
    ],
    "scale_": [
      1003.3109986439898
    ]
  },
  "numerical_2": {
    "mean_": [
      64172.0
    ],
    "scale_": [
      1.0
    ]
  },
  "numerical_3": {
    "mean_": [
      95746.0
    ],
    "scale_": [
      1.0
    ]
  },
  "numerical_4": {
    "mean_": [
      0.7978557626379106
    ],
    "scale_": [
      1.0
    ]
  },
  "numerical_5": {
    "mean_": [
      0.22600415540540544
    ],
    "scale_": [
      0.10280832512947517
    ]
  },
  "numerical_6": {
    "mean_": [
      1582.9054054054054
    ],
    "scale_": [
      2641.958897366911
    ]
  },
  "numerical_7": {
    "mean_": [
      205.52
    ],
    "scale_": [
      32.85660156904038
    ]
  },
  "numerical_9": {
    "mean_": [
      7.5
    ],
    "scale_": [
      2.5
    ]
  },
  "numerical_10": {
    "mean_": [
      12.242647058823529
    ],
    "scale_": [
      6.379535668527981
    ]
  },
  "numerical_11": {
    "mean_": [
      313.6104228187919
    ],
    "scale_": [
      246.83304772942864
    ]
  },
  "numerical_12": {
    "mean_": [
      0.4629861111111111
    ],
    "scale_": [
      1.0215000610901102
    ]
  },
  "numerical_13": {
    "mean_": [
      25.0
    ],
    "scale_": [
      14.142135623730951
    ]
  }
}